repo,commit_hash,issue_number,exec_status,exec_time_improvement,p_value,test_class_improvements
apache/dubbo,a89b24c5d1d4c8636b37e6a5d59169087338f89f,4694,clone_and_checkout_repo,0.0035499159727335,1.0,"{""original_outperforms_patched"": [], ""patched_outperforms_original"": []}"
apache/dubbo,cb1331e04ff9eb7dd9ea94fcbb17d13c6f959134,4694,maven_execution_successful,0.0013782162510535,1.0,"{""original_outperforms_patched"": [], ""patched_outperforms_original"": []}"
apache/dubbo,1173b400949ceccc76182f7df9b39d35290d9148,4556,clone_and_checkout_repo,,,{}
apache/dubbo,d663ad45b1eed609308d098a2cd616474eefaa7e,4569,final_clone_and_checkout_repo,,,"{""original_outperforms_patched"": [], ""patched_outperforms_original"": []}"
apache/dubbo,8534f48f61bfa0134a0eacf042a4f3269f779f0e,4279,final_clone_and_checkout_repo,,,"{""original_outperforms_patched"": [], ""patched_outperforms_original"": []}"
apache/dubbo,b7e4f3842f39f978bfa49dcee61d7d590b765760,3746,final_clone_and_checkout_repo,,,{}
netty/netty,efce8e5363db53c640119eecda9e5c60273c7a6a,9710,final_clone_and_checkout_repo,,,{}
netty/netty,cb739b26194ebaf89f99d83bc6c573723a225173,9481,final_clone_and_checkout_repo,,,{}
netty/netty,97361fa2c89da57e88762aaca9e2b186e8c148f5,9426,clone_and_checkout_repo,,,{}
netty/netty,91d6e0ea8ff7b076e6b9aeada233c75ced4a59f4,9322,final_clone_and_checkout_repo,,,{}
alibaba/nacos,b9c3b545baf9b60ad4cb4323ef90abe32a71af24,1842,clone_and_checkout_repo,,,{}
alibaba/nacos,c7800b42bd15644e954f1723f7ff0f8ad6e95927,587,final_clone_and_checkout_repo,,,{}
keycloak/keycloak,2acfd41b19b7fbe459450145debf547aed375b4b,44447,final_clone_and_checkout_repo,,,"{""original_outperforms_patched"": [], ""patched_outperforms_original"": []}"
keycloak/keycloak,f7ee930a2718ac1bcf3f65d713b3863d675341c8,44048,final_clone_and_checkout_repo,,,"{""original_outperforms_patched"": [], ""patched_outperforms_original"": []}"
keycloak/keycloak,1ac76fde5986d78f34f6a73cd157487bc26d8b36,12280,final_clone_and_checkout_repo,,,{}
keycloak/keycloak,61561968ed8dcda8c2e7521e2ed1bf746db4ad24,10266,final_clone_and_checkout_repo,,,{}
apache/incubator-seata,41a1b352a9929da0fba03d6e2b0fc3a791cbd7c1,1933,maven_execution_successful,-0.1490363733083459,0.9990234375,"{""original_outperforms_patched"": [], ""patched_outperforms_original"": []}"
apache/incubator-seata,00719431987a21ce92d3e9e32b957192d69e95f0,1126,final_clone_and_checkout_repo,,,{}
apache/incubator-seata,b52ad6dcc77b9b559d24ce759bae51955e4f1d3e,1085,final_clone_and_checkout_repo,,,"{""original_outperforms_patched"": [], ""patched_outperforms_original"": []}"
apache/incubator-seata,ec72f20649fc4506b3e4d59944a0c9a3ea3eb03a,753,final_clone_and_checkout_repo,,,{}
apache/skywalking,6fd85c83031d2c210717a1be9bb2c0f965c546ce,3382,final_clone_and_checkout_repo,,,{}
apache/shardingsphere,0b93ff5833f9ec47b49fba3bc8e623e80403a54c,28602,final_clone_and_checkout_repo,,,{}
apache/shardingsphere,8794a8f7ea105967279871f95fd80f01cb248990,25485,final_clone_and_checkout_repo,,,{}
apache/shardingsphere,7d18801fd0ebd68cfbc443768b0e02ea473a2b64,23200,final_clone_and_checkout_repo,,,"{""original_outperforms_patched"": [], ""patched_outperforms_original"": []}"
apache/shardingsphere,dbeef681f4ae3f3a48390864deab69942d246c34,19153,clone_and_checkout_repo,,,"{""original_outperforms_patched"": [], ""patched_outperforms_original"": []}"
apache/shardingsphere,0d17b4b9b04245196712b3c5686fc8a5fcc99540,15686,maven_execution_successful,0.0013234430866106,1.0,"{""original_outperforms_patched"": [], ""patched_outperforms_original"": []}"
apache/shardingsphere,1a1cb45a27dd605c1fd68802f3a7a18c937bb53c,17288,maven_execution_successful,0.0008813942659482,1.0,"{""original_outperforms_patched"": [], ""patched_outperforms_original"": []}"
apache/shardingsphere,0f4fb4f8a7ddd4b2c53a9c3753cfef0b3c1de66b,16958,final_clone_and_checkout_repo,,,"{""original_outperforms_patched"": [], ""patched_outperforms_original"": [""org.apache.shardingsphere.sharding.algorithm.sharding.classbased.ClassBasedShardingAlgorithmTest""]}"
apache/shardingsphere,eb7f0a8159e8744222101d846ab914b822e80ac4,16753,maven_execution_successful,-0.0013459939453241,1.0,"{""original_outperforms_patched"": [], ""patched_outperforms_original"": []}"
apache/shardingsphere,36d859e73b30d915f1c487f8f624cc1b73b745da,15113,maven_execution_successful,0.004489123307957,1.0,"{""original_outperforms_patched"": [], ""patched_outperforms_original"": []}"
apache/shardingsphere,4138baf36517e0083c1876eb06bce567f5d8d0cd,14714,maven_execution_successful,-0.0005802256854752,1.0,"{""original_outperforms_patched"": [], ""patched_outperforms_original"": []}"
apache/shardingsphere,758fe33446da1368d542a23909ae40ddcb83a9dc,14504,final_clone_and_checkout_repo,,,{}
apache/shardingsphere,5ded926cd46b9aefa4d5abb8e6e5dbb8e8f4d664,13278,final_clone_and_checkout_repo,,,"{""original_outperforms_patched"": [], ""patched_outperforms_original"": []}"
apache/shardingsphere,a6047d89a8447ec4b20897f9440154df413dd63d,13274,final_clone_and_checkout_repo,,,"{""original_outperforms_patched"": [], ""patched_outperforms_original"": []}"
apache/shardingsphere,da2df9814f7983d9ce7693dbe705324ac5f55a90,13263,final_clone_and_checkout_repo,,,"{""original_outperforms_patched"": [], ""patched_outperforms_original"": []}"
apache/shardingsphere,ef62da39c7778a2cf6a49186c9d590cc0ad5a47c,12709,final_clone_and_checkout_repo,,,"{""original_outperforms_patched"": [], ""patched_outperforms_original"": []}"
apache/shardingsphere,f6c1ef8a11b73e018100603cf0cb179e33d4323c,11824,final_clone_and_checkout_repo,,,{}
apache/shardingsphere,815f59e4d5460124cfa90d81240992e44ff4c62e,7809,final_clone_and_checkout_repo,,,{}
apache/shardingsphere,f8ef182bccc27969f82710a8277aa67312a408ce,5073,final_clone_and_checkout_repo,,,"{""original_outperforms_patched"": [], ""patched_outperforms_original"": []}"
apache/shardingsphere,fac29f5abfbf046a276e71cc8c98ae1a0ee879df,4786,maven_execution_successful,0.0014177571940437,1.0,"{""original_outperforms_patched"": [], ""patched_outperforms_original"": []}"
apache/shardingsphere,1f0f17fffa6391e72592e58d236cfd030463b601,3681,final_clone_and_checkout_repo,,,{}
apache/shardingsphere,a5d977a1237866d5897cbb3d8d169f50ccd98b2e,3979,final_clone_and_checkout_repo,,,{}
apache/shardingsphere,faa7544933cba3aae0b5a4f00deb2dcaadf374d3,3979,final_clone_and_checkout_repo,,,{}
apache/shardingsphere,ecd060cb933e6f3106c45ffa0d5f7e5a72971050,3979,final_clone_and_checkout_repo,,,{}
apache/shardingsphere,676367f6645671ce46990b47d5430590948f09ba,3979,final_clone_and_checkout_repo,,,{}
apache/shardingsphere,06135c64a74209838e0e8ed842b362a3ded32b0a,3979,final_clone_and_checkout_repo,,,{}
apache/shardingsphere,c0da29876b4f3c30153a97aa5403c56a59080403,2997,final_clone_and_checkout_repo,,,{}
apache/shardingsphere,64e88a82e5d5553c3da57fb308e4346401ea9347,2682,final_clone_and_checkout_repo,,,{}
apache/shardingsphere,ebbc2f7f0f642f6628a229dd95635f08bb4b4126,2682,final_clone_and_checkout_repo,,,{}
apache/shardingsphere,f76bbc2c1d3d0c21cb9d0fb005f84cb2a2fe6fb0,2682,final_clone_and_checkout_repo,,,{}
apache/shardingsphere,27ef2849380204fbb865b172b9d3e6213cf626e5,2167,final_clone_and_checkout_repo,,,{}
apache/shardingsphere,83b2bb3160df68b61d3c061c9097b88746dcbf62,2167,final_clone_and_checkout_repo,,,{}
apache/shardingsphere,f4547a33094eb27407119f69aeea05829be24f46,2167,final_clone_and_checkout_repo,,,{}
apache/shardingsphere,62478dcc2dfd58179a039023a7fe7d5143376bb5,2167,final_clone_and_checkout_repo,,,{}
apache/shardingsphere,e59928f8a54072073bda336addcf50f7762d65d4,2167,final_clone_and_checkout_repo,,,{}
apache/shardingsphere,0aaa3bf0643558c013caa10c54f5a61243e663a6,2167,final_clone_and_checkout_repo,,,{}
apache/shardingsphere,24fb59da689b3c5bdd96c370e12a35c361b91a24,2167,final_clone_and_checkout_repo,,,{}
apache/shardingsphere,840d0c890105557de8abaec7db2848f8ea3d6d38,2167,final_clone_and_checkout_repo,,,{}
apache/shardingsphere,114c0f593fa5f6664587821a9ad71dbc3667ac2e,2167,final_clone_and_checkout_repo,,,{}
apache/shardingsphere,4bc0964d48ff96da43aac7994afcf7cbf812b286,2167,final_clone_and_checkout_repo,,,{}
apache/shardingsphere,29de0987d2d9b150a46cf1f70823bcbe663d253c,2167,final_clone_and_checkout_repo,,,{}
apache/shardingsphere,10adc10e24cd556349016a594f1c16029f042516,2167,final_clone_and_checkout_repo,,,{}
apache/shardingsphere,5a56454967327aa6f5b2ddad75f62f3aec72339c,2167,final_clone_and_checkout_repo,,,{}
apache/shardingsphere,df2561145262b9dfae5115789115a5fbd37484d2,2167,final_clone_and_checkout_repo,,,{}
apache/shardingsphere,0d6012618679f95b55f15687ef3babd319b322b7,2167,final_clone_and_checkout_repo,,,{}
apache/shardingsphere,be143d11bc4baa3da03a0b4b603c56b6d65c65b9,2167,final_clone_and_checkout_repo,,,{}
apache/shardingsphere,33d1bd9fac93b19d31c570a94cd42ea9c7e20dc7,2167,final_clone_and_checkout_repo,,,{}
apache/shardingsphere,ad4b68e9bf0dcedd3b26bd7ad90c1bdc65c11572,2167,final_clone_and_checkout_repo,,,{}
apache/shardingsphere,375dd2be1d641b30bdc201dbfe9d7f65dfb73783,2167,final_clone_and_checkout_repo,,,{}
apache/shardingsphere,9ae9e7174e6bbf4453b740ff67315c060fbd6b1e,2167,final_clone_and_checkout_repo,,,{}
apache/shardingsphere,e925415665db553163b14d297972db1ef3f2467d,2161,final_clone_and_checkout_repo,,,{}
apache/shardingsphere,8557f8d0f1259a788745ca69337793ed79d669ef,2161,final_clone_and_checkout_repo,,,{}
apache/shardingsphere,42c9d03686bb06e2472a5f150703d534c0bf7b4c,2161,final_clone_and_checkout_repo,,,{}
apache/shardingsphere,50a56c7dbe8bd2b4918c55431c23ed711fd2ab3e,2161,final_clone_and_checkout_repo,,,{}
apache/shardingsphere,2301e37c920dda9561f0b99d179a362cf3e4625a,2161,final_clone_and_checkout_repo,,,{}
apache/shardingsphere,40d439abbcb6db2854a4049dd77fa9c6b92823c9,2161,final_clone_and_checkout_repo,,,{}
apache/shardingsphere,e407e028586ff7fe7acd3c5b8ee1b7688e779ee6,2161,final_clone_and_checkout_repo,,,{}
apache/shardingsphere,308a38790f70e6cfa1a6c4091f4a395f3ffebd99,2161,final_clone_and_checkout_repo,,,{}
apache/shardingsphere,7979d6f398ee2f295f00540e9c0c692bdb597d0c,2161,final_clone_and_checkout_repo,,,{}
apache/shardingsphere,f6c016e62b58f764144c1e3c9a1cb8a30fd3644d,2161,final_clone_and_checkout_repo,,,{}
apache/shardingsphere,1bb8431058d3c0f2b760d5def756c3c6ce5cf423,2161,final_clone_and_checkout_repo,,,{}
apache/shardingsphere,8272d701fb66f6a02feff1d8c97e63a50bc53386,2161,final_clone_and_checkout_repo,,,{}
apache/shardingsphere,61cdc8ebac5cd8212792199b220db7755b6094e8,2161,final_clone_and_checkout_repo,,,{}
apache/shardingsphere,2abf0ef803772d6686eb2f6753ec6adcc01d6c1b,2161,final_clone_and_checkout_repo,,,{}
apache/shardingsphere,d284ff8cfd72abd9b09a774a8cebc76a24c5cb09,2161,final_clone_and_checkout_repo,,,{}
apache/shardingsphere,85e61171a30cd87849374d61f91582c4dbbb3af4,2161,final_clone_and_checkout_repo,,,{}
apache/shardingsphere,ab48a41417bc1d4f2ded6ee13a301068e9f3b992,2161,final_clone_and_checkout_repo,,,{}
apache/shardingsphere,68b19fed972f5c5cbfdde28d81e5e282505e4494,2161,final_clone_and_checkout_repo,,,{}
apache/shardingsphere,7b6ab31948242b5a9fd9d461dcfe909ce17bf64e,2153,final_clone_and_checkout_repo,,,{}
apache/shardingsphere,9f59fff5603a9024ce304eae05952f9c7adc277a,2153,final_clone_and_checkout_repo,,,{}
apache/shardingsphere,8b99619f43ae941b85518222e651a5869f2e36da,2153,final_clone_and_checkout_repo,,,{}
apache/shardingsphere,ae817fc2b548ea60038801ac4681988ecc568220,1959,final_clone_and_checkout_repo,,,{}
apache/shardingsphere,5b247bad6da01b065d99013092dc6998b8bacb4a,1892,final_clone_and_checkout_repo,,,{}
apache/shardingsphere,128f5828d0e738c009a9e97445aa7311d3e960b6,1892,final_clone_and_checkout_repo,,,{}
apache/shardingsphere,ee894e44a0ca3047cd20ae60b9670e5c1dca14a8,1892,final_clone_and_checkout_repo,,,{}
apache/shardingsphere,2be3d6e1a0bf86a41cbdf8cf10ab888502f09d58,1892,final_clone_and_checkout_repo,,,{}
apache/shardingsphere,483c9e09898241749adc7da515afb190d2eb3993,1892,final_clone_and_checkout_repo,,,{}
apache/shardingsphere,8f7e745c48d94a9270192283b65dbd14ffe00cd6,1892,final_clone_and_checkout_repo,,,{}
apache/shardingsphere,729cf858c8ba6ef582525ecc16094608fedf3b80,1892,final_clone_and_checkout_repo,,,{}
apache/shardingsphere,3aba0cb84f1bbd6122e436c9edffdf79d19b44ea,1892,final_clone_and_checkout_repo,,,{}
apache/shardingsphere,58881fa8f0e4292b244999713c59a7bcc417f385,1892,final_clone_and_checkout_repo,,,{}
apache/shardingsphere,bc26134bd3e41a1ad4a8e350ab8c66e1f5e19410,1892,final_clone_and_checkout_repo,,,{}
apache/shardingsphere,495bb359e64c22ce67236a5154dc8206b8280002,1892,final_clone_and_checkout_repo,,,{}
apache/shardingsphere,45074aff9f90b18e738520bc1ffaa947ab5a5e7c,1892,final_clone_and_checkout_repo,,,{}
apache/shardingsphere,63f7be40e80af9b74c47959aff1e30553f4b2c8a,1892,final_clone_and_checkout_repo,,,{}
apache/shardingsphere,71751d597249d737e48e3a4b4cdd6773fcedd80e,1892,final_clone_and_checkout_repo,,,{}
apache/shardingsphere,09f36bffd55fe4332d5a5b4d8e7b4c91fc093f99,1892,final_clone_and_checkout_repo,,,{}
apache/shardingsphere,90c76c73312f39826e2ae31b00875e0080cfd2e9,1892,final_clone_and_checkout_repo,,,{}
apache/shardingsphere,278cd58736289cb9b8b03d8669e30ceab4a6bdf0,1892,final_clone_and_checkout_repo,,,{}
apache/shardingsphere,4a1c2f44f226ad3b02085ccdec8708db38f49a43,1892,final_clone_and_checkout_repo,,,{}
apache/shardingsphere,e77fac47a60b84102656063568b0fe52044933c2,1820,final_clone_and_checkout_repo,,,{}
prestodb/presto,f72d863cd9cbd17ed1ec2b4bdd3b358998f14449,24013,final_clone_and_checkout_repo,,,{}
prestodb/presto,aae9d9f352aff81595adb65184315f0c5039152d,17261,final_clone_and_checkout_repo,,,{}
prestodb/presto,b1b0597781387362355056508468be25c67bfc88,7586,final_clone_and_checkout_repo,,,{}
prestodb/presto,cd53bdcd9b471fd577541278a65f6c0777f9024e,7586,final_clone_and_checkout_repo,,,{}
prestodb/presto,d7ecb91915af0b534dc0f0c0177d6ab7898d83fc,16925,final_clone_and_checkout_repo,,,{}
prestodb/presto,247881d621aa26e4823e7a8a113100345ad923a3,16718,final_clone_and_checkout_repo,,,"{""original_outperforms_patched"": [], ""patched_outperforms_original"": []}"
prestodb/presto,3541380ee7f32dc8dd91864dc3b00ab843d7b24c,16718,final_clone_and_checkout_repo,,,"{""original_outperforms_patched"": [], ""patched_outperforms_original"": []}"
prestodb/presto,daf2a9e9d38798cdec1184409376bb7e12c9e218,16718,final_clone_and_checkout_repo,,,{}
prestodb/presto,2d0e848bc7fa4f5eb12c87b8d57c4faf5ace0941,16702,final_clone_and_checkout_repo,,,{}
prestodb/presto,5cb2b9139566b0321c30a0dd61ed4bfd61e7befb,16438,final_clone_and_checkout_repo,,,{}
prestodb/presto,6c161c1baa59c9ba3705872b8f2f64021e2a440b,16022,final_clone_and_checkout_repo,,,{}
prestodb/presto,04ed142e96e23a087dd541713ab40150ed278694,14517,final_clone_and_checkout_repo,,,{}
prestodb/presto,b13f60bd4d27395d059756dce944b86b6b419694,14433,final_clone_and_checkout_repo,,,{}
prestodb/presto,36df11f11116cc0a5f66ca0d9d49bd76aa7b3968,13751,final_clone_and_checkout_repo,,,{}
prestodb/presto,6525ea9b1ded94c34f0e93b210afa273f2ce0f4a,13438,final_clone_and_checkout_repo,,,{}
prestodb/presto,fe6ebcfea6d70f14264561cb9617c1c72eb2c700,13438,final_clone_and_checkout_repo,,,{}
prestodb/presto,4fd684b3609bdc9fd68e5af6d225aa8d6a62e8bc,13438,final_clone_and_checkout_repo,,,{}
prestodb/presto,f789c543fae3bf2afe7c589877df112c94a24221,13438,final_clone_and_checkout_repo,,,{}
prestodb/presto,b84f177d5fe37017123946cbefb3b5ffd2cf845d,13438,final_clone_and_checkout_repo,,,{}
prestodb/presto,e650db3092c8ac9da8bdb5210dbdfd4768335ed6,13438,final_clone_and_checkout_repo,,,{}
prestodb/presto,7a4a741e11d3c13bbc6521505ac35244c00beb5a,13438,final_clone_and_checkout_repo,,,{}
prestodb/presto,823da6f3e68121d8bbcbf310dffd8fa164e58cf8,13993,final_clone_and_checkout_repo,,,{}
prestodb/presto,d5ee715bb6b165fb6567b663c74ca5ecf21cc6ab,13993,final_clone_and_checkout_repo,,,{}
prestodb/presto,58b376713a6eaa49e3b1ffaf1ae441fe37d2609a,13865,final_clone_and_checkout_repo,,,{}
prestodb/presto,6f9d1c72d609e572e98c77506dbadc566c655080,11789,final_clone_and_checkout_repo,,,{}
prestodb/presto,7d4b32dc1f0d223df9ee3103d2861dd44dfd7177,11789,final_clone_and_checkout_repo,,,{}
prestodb/presto,36260337fba0f2245de6b1c85d2cf557d20a9913,11789,final_clone_and_checkout_repo,,,{}
apache/dubbo,49ede4fc4737a40797799e9d29aa7b259f2a7a21,15087,final_clone_and_checkout_repo,,,{}
apache/dubbo,a777aec3088909b9f2cfc2157aa03dd301f3f9f7,2578,,,,{}
apache/dubbo,9e9e778e04aa95501e4ab9b49e8f927527e7e260,1659,,,,{}
apache/dubbo,ddb677bec828771b1dacb670cb96c767c8fb5647,1245,,,,{}
netty/netty,620794f458549b0d228715ebf4b359fdabe46140,14984,,,,"{""original_outperforms_patched"": [], ""patched_outperforms_original"": []}"
netty/netty,9eebe7ed742e4ebeca17913782f327412babcf38,8384,,,,{}
netty/netty,182ffdaf6d4c067514fc70b00c4a5abc67753531,8122,,,,{}
netty/netty,785473788f3f19531294802b727fb10a48938222,8196,,,,{}
netty/netty,a214f2eb9692040cf45e20739a7dd319f47ff8c8,8013,,,,{}
netty/netty,ee9057ad99b9cc95140ee3e56265f32b6a28d709,7837,,,,{}
netty/netty,413c7c2cd82e09dac481ea52ba2cb88ffcd58624,7255,,,,{}
netty/netty,fe8ecea36610f8c23fc19ceb0dac8a518de0561c,7025,,,,{}
netty/netty,2457f386d8873d4b401571eb676c0b8b84288c76,6153,,,,{}
netty/netty,a15ff32608f000b5b01ab00262f8b2df34b2d08c,4807,,,,{}
netty/netty,c9364616c800553f4a98bd11c26ef61397a11c6d,4402,,,,{}
netty/netty,56cc0bbd4c8a55144e2086cc3dd9286f8d0e374d,3884,,,,{}
netty/netty,0be53f296f8c0342fb9f5c4dd69cd2f3f5bd6ddf,4071,,,,{}
netty/netty,d5963e069dacd757697349ab8c3b5e0d808b54e1,3488,,,,{}
alibaba/nacos,953fa9e74b6e06219dafd5bf45f3d51de3c08b85,10159,,,,{}
alibaba/nacos,571031eb0cb0ae1623f06e07eb9c11afa7d820d6,527,,,,{}
alibaba/nacos,1a94626a0afdc534b254c97ba8c0773c0397f26d,150,,,,{}
alibaba/nacos,ebb5cddd84730e7ff33a58187b2fd1ce9837696d,150,,,,{}
alibaba/nacos,25f219623cca01d4c7442a7c7d6ea7bd563b96ba,150,,,,{}
alibaba/nacos,e3276d0114f9dc1624f5c289cc428820b185bc44,150,,,,{}
keycloak/keycloak,b67ce73227bbd9aecd48f0ea7851d52009649b01,14743,,,,{}
keycloak/keycloak,27ecf7f00fa2f81aff26fdc5f2becd6fb6d54a7f,12381,,,,{}
keycloak/keycloak,c2e2cbe180a5287baf0c1370b17fa7e6d61f5458,17711,,,,{}
apache/shardingsphere,3f61c3df254d4dc7892a1f5097ab26fd96b5053d,1688,,,,{}
apache/shardingsphere,10b42b09350a601493daea13792d99812ad5c859,1688,,,,{}
apache/shardingsphere,efef9b802c0be681db4a324ed7efcde25f3474f8,1688,,,,{}
apache/shardingsphere,bf585f7a6fa7de6fe37d2684712a3f01b818735a,1688,,,,{}
apache/shardingsphere,b79c6baaa8ac28e0caa00fcaba11e62f503c30cc,1688,,,,{}
apache/shardingsphere,03a4d51766fda05bceb3019742dacceb95773ea4,1688,,,,{}
apache/shardingsphere,2a6ba66011b035eefddbe6b1b9a9b1b3be78da31,1688,,,,{}
apache/shardingsphere,1d8ff3e3d9c907ac0a9075945d53bd98ae9d0c3f,1688,,,,{}
apache/shardingsphere,f02e0437352e86227761e87e2307f7e998f14b59,1688,,,,{}
apache/shardingsphere,915851f349320c170d3450f8a58aa0bcca79f5c1,1688,,,,{}
apache/shardingsphere,48d1bcc28d89374ed5e248feca91e7354fd6dda3,1688,,,,{}
apache/shardingsphere,fafa4087e7a32143592e68972fc03876c463cd33,1688,,,,{}
apache/shardingsphere,a4d3b058e3e715def3f49f6438e2afa8f06745e9,1688,,,,{}
apache/shardingsphere,c3ac83b671979cc47c21897d5bc05b9892159570,1688,,,,{}
apache/shardingsphere,5e3e3ae3d40a3de5e0df2050008b54e114db50ee,1688,,,,{}
apache/shardingsphere,a7598e83042eb65e734f6766ab78225642b15dbe,1688,,,,{}
apache/shardingsphere,e9e5c7cd60e7a1a394e7bb609e5f2684bd717479,1688,,,,{}
apache/shardingsphere,b26cb2a789190417b6b33dfa4e55b82f65cd0f30,1688,,,,{}
apache/shardingsphere,ebe801945f74af607ff5923c5424eaed3ee05ea8,1688,,,,{}
apache/shardingsphere,afe07bafaa94492906249cf2d3548836656585be,1688,,,,{}
apache/shardingsphere,13f9edd141e5b0fc72c6b870e205830595e63528,1688,,,,{}
apache/shardingsphere,f5e1e938de3eecc453b84af7d94b7f1f422e4544,1688,,,,{}
apache/shardingsphere,4c841bd31251e3837b860cf27dd8c9da8ef31e15,1688,,,,{}
apache/shardingsphere,1b57d7d4c5c35a1e187c1f8e4c10d2041f8e4365,1630,,,,{}
apache/shardingsphere,da50e35dee59f3e0b0dd25a95158218f3515c782,1630,,,,{}
apache/shardingsphere,fe241038e6d4ebb6200225f603bb8e019700fad0,1615,,,,{}
apache/shardingsphere,563d5bf3a00a7196d756aa3041dee6d660db20ef,1615,,,,{}
apache/shardingsphere,550038d386c80987c49a0852c06ce5178669443c,1615,,,,{}
apache/shardingsphere,3de18773f876944ab0a8778659aa10f5d5526f19,1550,,,,{}
apache/shardingsphere,f64887df02b8ba8a478267b83ef713d50bd0f063,1395,,,,{}
apache/shardingsphere,994410faad7a68c1bbf04240366ebc19ddd5734b,1395,,,,{}
apache/shardingsphere,45b01a03781f7c76a5ce556e7e8744abe7b91d7d,1395,,,,{}
apache/shardingsphere,708e2137c1e89db36ab7ed10deae618ad84bc017,1131,,,,{}
apache/shardingsphere,32f2f3628773c6810ce70b5b9ac4e38fd59f2351,1131,,,,{}
apache/shardingsphere,3cd6f4751edef56d98cbd9f62cdc2aac44335c37,1131,,,,{}
apache/shardingsphere,fb0bdadd80fd850cbf367539f3e8533a6afc6851,1131,,,,{}
apache/shardingsphere,ec21667c84268f44c28eef3f771e49394ca4d139,1131,,,,{}
apache/shardingsphere,a651f5cc901197bcc029d746ef6c87480bd4780d,1131,,,,{}
apache/shardingsphere,5cb71969dac39b7dd136baaa6da5f67303a37921,1131,,,,{}
apache/shardingsphere,ae7c0f8ab1a988bcc234b6cf3c2ce3cfb9993d87,1131,,,,{}
apache/shardingsphere,873b89017b900a6b77530a2cabb9d0d33a23a51a,1131,,,,{}
apache/shardingsphere,ffbd1e94903956493b2bd0cce095af1efb1e8293,1205,,,,{}
apache/shardingsphere,56402cb1b198cccfaeeed6a112ed5ff76e9f5089,1205,,,,{}
apache/shardingsphere,42301d86f8c39aef60e3d591729fdfc35b592dd2,1205,,,,{}
apache/shardingsphere,c8336ed6c4025b7a0bcc0823d6d717bfa8711c40,1205,,,,{}
apache/shardingsphere,9087771fbbe86e7a6de0102887a6c47e092f5bc2,1205,,,,{}
apache/shardingsphere,7e72fb4042374a956cae545a43be42cc6ba3bdf9,1205,,,,{}
apache/shardingsphere,b268b87bcd258ffd390d12237ef01e0f37dbb3e9,1205,,,,{}
apache/shardingsphere,61b3cd8aaaa94b1ba0fe448a69c31bfc65931aa1,1205,,,,{}
apache/shardingsphere,6672c18996c54c2decd0d2608787ef2d63abb1c2,1205,,,,{}
apache/shardingsphere,ce2f58ecb46a90cca43bfa310d8edfa248b29909,1205,,,,{}
apache/shardingsphere,0575a931653ff7dadddc1b0c366bb03d028d60bc,1205,,,,{}
apache/shardingsphere,c7287c408f7e2c0782cce308aedc2be45e3aa54b,1205,,,,{}
apache/shardingsphere,1a43cffa73a8c552623645a45866b8f75a25afa9,1205,,,,{}
apache/shardingsphere,782ade68225611f030217cb4f88ac6da7a8eb513,1205,,,,{}
apache/shardingsphere,6eed460040ccd6190150b94d7a46332a5ad4cd37,1205,,,,{}
apache/shardingsphere,51d9fc4abbbdc5435dfc3cc84ccac209e8791003,1205,,,,{}
apache/shardingsphere,e72dfba4b6b698e9fcbf8f11d632e292f125322d,1205,,,,{}
apache/shardingsphere,f5ab0e103af7b4669ae9ccb0c246c5994cdaec13,1205,,,,{}
apache/shardingsphere,9eccf5ee57cec0b95bde8f0d596f6d15f8b939c4,1205,,,,{}
apache/shardingsphere,b48ad67eabf250e70c6bfb9c0ca425ed8b636e92,1205,,,,{}
apache/shardingsphere,929944e7bf948e33a2b9c2c579589f84911e94a8,1205,,,,{}
apache/shardingsphere,8f58bf777be9f3befe9044fe66702c6153f84c84,1205,,,,{}
apache/shardingsphere,022771c0ad322b75659c7a151ef17f7ca85ca503,1205,,,,{}
apache/shardingsphere,7170b328859089caef258f5989955cc1d8c0e943,1205,,,,{}
apache/shardingsphere,83b9fc213d47a549d6963896951daf01b5f83b1a,1205,,,,{}
apache/shardingsphere,f4eedd597a050504b019a51fe337708edef29af3,1205,,,,{}
apache/shardingsphere,4bcb01ad5620acbd310ee5dd0db39a2f1a3f9a87,1205,,,,{}
apache/shardingsphere,b865bb5584c2c5c7ef4474bfcbf432a281061343,1205,,,,{}
apache/shardingsphere,48d9717bfcd78e285333989b61967a8d21251e4f,1205,,,,{}
apache/shardingsphere,cc6c8c73758da2ae3b2eadb3c6634983f71f943c,1205,,,,{}
apache/shardingsphere,9fa53751cd1bfc88ada4e8e0248ad575785dc592,1205,,,,{}
apache/shardingsphere,cae129a299cda6bb354b862d54b155ae4556e287,1205,,,,{}
apache/shardingsphere,2c49d68e7c0d96feba493096e91c83174f734ced,1205,,,,{}
apache/shardingsphere,abfa2ae60821017512cbe2c2e0f460773541ea42,1205,,,,{}
apache/shardingsphere,5e0d83ef668e10edc4a0747da5e83563133a578b,1205,,,,{}
apache/shardingsphere,658542c2ea82c7a44d9a7533dce8f2ce531fd726,1205,,,,{}
apache/shardingsphere,9f425340f36854e783c7ef911e740e913099453f,1205,,,,{}
apache/shardingsphere,5ca4c2f540c6939c5f1a6231537fcef82e76e882,1205,,,,{}
apache/shardingsphere,b96f4fffdb4bd4439170e94c5e7bfcac028f88b9,1205,,,,{}
apache/shardingsphere,b44d708faebfcd28efdc4a50fae345143c6580c8,1205,,,,{}
apache/shardingsphere,8c701f3829ddaf4ca9c9cd460a62c86fd73c9d41,1205,,,,{}
apache/shardingsphere,8df977b434cd1cb4ecd6ee1514fa10b0cc1cff98,1205,,,,{}
apache/shardingsphere,cd668056fb34c5cacce5a941d57b879d169c7aa5,1205,,,,{}
apache/shardingsphere,412b70f232f020a3c4173d0680e0bdf7dd7c82f6,1205,,,,{}
apache/shardingsphere,9871d645a0d35b6d8d4990c3d00e01ab1a6ebd0a,1205,,,,{}
apache/shardingsphere,94b2f82075dc4c477ee34deabda738ca1eae5a5c,1205,,,,{}
apache/shardingsphere,07c8eb081633d6607893c6f1c899d72cce0d9cc7,1205,,,,{}
apache/shardingsphere,e3db43ce8f7aebb44d98fab7ab3ebf1b4bf5bd8c,1205,,,,{}
apache/shardingsphere,502fe9cd77eaa1073d0f984fefd514a4deab8673,1205,,,,{}
apache/shardingsphere,c10c8c616da1a3d377f41fc38bbb2e6437b8c462,1205,,,,{}
apache/shardingsphere,321eed058058ac5b1711eec9e15c8e23b07f1867,1205,,,,{}
apache/shardingsphere,a599121e952b52d9d3826e9a129de28835ec92cf,1205,,,,{}
apache/shardingsphere,b2f4f01819bfe8cfd528cc58e3057fdc3c701e55,1205,,,,{}
apache/shardingsphere,4269501d6b4db24806e3fd7167124d0bd201d5c8,1205,,,,{}
apache/shardingsphere,0e21448a9ed63da0ede33cff084195bfb957ff09,1205,,,,{}
apache/shardingsphere,e26cbb891412921ab2c18696199a35d834213396,1205,,,,{}
apache/shardingsphere,017a6bd36d67dbb3e2c9726d2a02fc85d1a03f45,1205,,,,{}
apache/shardingsphere,03334c75472331348a18d214540ddeb26422921c,1205,,,,{}
apache/shardingsphere,0389b89eb4a62900e8b8c64b1e3fae304bb352b8,1205,,,,{}
apache/shardingsphere,1f03a87778eaaa0bde65110fe9292bd82ff76ff2,1205,,,,{}
apache/shardingsphere,a40e6b6b0609bb59e0589a7e252d4ada6326e023,1205,,,,{}
apache/shardingsphere,ef1aeedf3986879fa1820ea6c49085e8178c57f1,1205,,,,{}
apache/shardingsphere,cc2c913d9adf064b3bff441f19534e5a4e6b703a,1205,,,,{}
apache/shardingsphere,4d1a1fdc1a9ea1a8a913370fd4b524ee796d9c88,1205,,,,{}
apache/shardingsphere,8336a4fe62765a7ef8dfe4e61077fbc2ba1afc89,1205,,,,{}
apache/shardingsphere,0e54c4245481834d51f6b4e6cc5af066fcd48ccc,1205,,,,{}
apache/shardingsphere,d1ca207c3f59d567837011a23d830bc0fec7e195,1205,,,,{}
apache/shardingsphere,e1959bad41d8d0d89e62314798f89b1b3d739b0b,1205,,,,{}
apache/shardingsphere,6e4c49861a95b00ea23cbb1fa7df02fd9f3d39cb,1205,,,,{}
apache/shardingsphere,fbb3ae9d64afac20019cd42a2312865b5b8deba2,1205,,,,{}
apache/shardingsphere,30fa3437df993b3bff4cfcf85f9cdcdec788f711,1205,,,,{}
apache/shardingsphere,4ad4e7c41855a7c9afdb324cf0871a66178a526d,1205,,,,{}
apache/shardingsphere,d425e1443ce0fb5590ad30677d50a619aed97ff6,1205,,,,{}
apache/shardingsphere,496b4632d9f83b90d0a6ab263aff42b119144644,1205,,,,{}
apache/shardingsphere,15bd6d34ebaf35fae2cb7248302e83e98b25d1a5,1205,,,,{}
apache/shardingsphere,86aaad8558df7638a469a419493136998ab56c25,1205,,,,{}
apache/shardingsphere,fa90f07062e1a6cc59eeaa8ca6068f78d6990447,1205,,,,{}
apache/shardingsphere,24d793e9b6b5ef6db9db224fd4361ee7724aa6fa,1205,,,,{}
apache/shardingsphere,d9317ffc322ba7dea706c6cd59995e66a512b202,1205,,,,{}
apache/shardingsphere,e6c40c641c4c55b151e8b8ece538f96e60e29b2f,1205,,,,{}
apache/shardingsphere,574a01ba8b6b416a9daea928fa965842c18501db,1205,,,,{}
apache/shardingsphere,96197b39d4f9296166bb0f29d2f3f4d6b2f5d691,1205,,,,{}
apache/shardingsphere,a745adfa91d33c6ce7174c7c89b3cc032fad61f1,1205,,,,{}
apache/shardingsphere,e17a387958dfe581f8746f8037307f7b7f7dabd4,1205,,,,{}
apache/shardingsphere,7ad88efc6499dcaab9d2df5ff0abadbdb7e477fc,1205,,,,{}
apache/shardingsphere,8b82a45ba942aa1ead565f7ab2a243efc928bf60,1205,,,,{}
apache/shardingsphere,0020637b1cf9c929fbaf5bdf7343b2e5e642c88e,1205,,,,{}
apache/shardingsphere,dd367cfe707b16852fe7cac8ac70a8f9225a1665,1205,,,,{}
apache/shardingsphere,316f4ee3b4e733de5b0e908cff1a22bfefc6e8e8,1205,,,,{}
apache/shardingsphere,58e14ff2d8406329807fac01fc89dc7f0824339d,1205,,,,{}
apache/shardingsphere,1506a8251ca0e5e4eeaec244a4df417e94f013a4,1205,,,,{}
apache/shardingsphere,c24a3f4a8325e49b7a50c6cf715871baf999756d,1205,,,,{}
apache/shardingsphere,631144da3f7dad6c45de0e054bce908536c12a24,1205,,,,{}
apache/shardingsphere,63cd30447b78603632c08e17c11a673a50785164,1205,,,,{}
apache/shardingsphere,65ccf4f2fbdce022045a30b3bc2d6af9c0dddbce,1205,,,,{}
apache/shardingsphere,54f3c7396953bde5b3407fd8acb4a68357934176,1205,,,,{}
apache/shardingsphere,3f79deefe78ddd783b5c74c657e7154e465f1033,1205,,,,{}
apache/shardingsphere,278bca5816796771a99348c1cb745a9a3d9d546e,1205,,,,{}
apache/shardingsphere,4c110e579f0a635e174ba4b33c593623f50f22d7,1205,,,,{}
apache/shardingsphere,7ea163807241d9dc798fd5a626c55acf3b77cc7c,1205,,,,{}
apache/shardingsphere,c5b17c9301bbee7ce7fcd81ae06df2163f2e0697,1205,,,,{}
apache/shardingsphere,861accc38df594843e277c8b090c037ce57f5bfe,1205,,,,{}
apache/shardingsphere,ef97e250b3c6de49a9e1e4802ef0608d745a9c6a,1205,,,,{}
apache/shardingsphere,0035f977e4b01e66f153bfe630798e3caf5f4d56,1205,,,,{}
apache/shardingsphere,918d69e5ded1268c86910fa477a7a0c7bdad9cde,1205,,,,{}
apache/shardingsphere,754d9c14a0153705ba4fbbd9b9723bf9b811bdf0,1205,,,,{}
apache/shardingsphere,f3ee97305839c1595c4bc318685b2395ae8ee2e3,1205,,,,{}
apache/shardingsphere,45cef6a12a0250e795eb427251e33876a8aa4158,1205,,,,{}
apache/shardingsphere,04adca5e9395e2cae16fab21ca0e0b2fc8290e05,1205,,,,{}
apache/shardingsphere,e25115d7e161849b7b1e47f7f9edc47545cf0258,1205,,,,{}
apache/shardingsphere,7de3792dc328850b6aeffe7837c96e5a38384d1f,1205,,,,{}
apache/shardingsphere,046c0d1d7a64cf729d27a52f687b25fa776bc34d,1205,,,,{}
apache/shardingsphere,21e10dfb6cb9827a0302bf1ef1cabbf1ac787a0e,1205,,,,{}
apache/shardingsphere,3b70d8ed2b44b79993dd35ee5411f242ed94e216,1205,,,,{}
apache/shardingsphere,ca344c63b8d6494fa70bdbecf2b775a9e9d5980f,1205,,,,{}
apache/shardingsphere,5a841972a1f2ef17d41abdce36a7675b4885652e,1205,,,,{}
apache/shardingsphere,974cf7cab50d9f4614534b553c563a8f43657091,1205,,,,{}
apache/shardingsphere,ecc79e1b05c25f2a4766c701beb77080d9d9403b,1205,,,,{}
apache/shardingsphere,29dfc98e4b50470be2069de7fade0d22ec095788,1205,,,,{}
apache/shardingsphere,a7caa9ae81a79c3f97c17cee2e1031acd05bb2db,1205,,,,{}
apache/shardingsphere,9f3dde8b2a6cac55e8c3f8f3e999d43484205ca1,1205,,,,{}
apache/shardingsphere,e2d1bb4b9e79211ea5f6ad45fc7428b452071a54,1205,,,,{}
apache/shardingsphere,8cb3876e4a4ea6c8841d8153982ae4a30d09a19e,1205,,,,{}
apache/shardingsphere,05336cd26032f31b8ce6c80421d5cd02bc4ffef9,1205,,,,{}
apache/shardingsphere,cabeba827f7d30d2b703cad6b2980fd09e6ffb2f,1205,,,,{}
apache/shardingsphere,c0de7d3f2c29769455e84431821050db0835447b,1205,,,,{}
apache/shardingsphere,187be247512db0949f7d19b5d81f20fc4726b0e6,1205,,,,{}
apache/shardingsphere,ff024c4ffabea55f41411010dc7ccf9aae6c2a41,1205,,,,{}
apache/shardingsphere,af345fe3ccb3fb5feaee0637fcb6dea5bce1e88f,1205,,,,{}
apache/shardingsphere,3686ec8f9171d105569d486bc75a3b6aac9ed21b,1205,,,,{}
apache/shardingsphere,2f71a5a1fd00f0f01c00d63f8e1c6724246936aa,1205,,,,{}
apache/shardingsphere,6a83005ae23a82deaa7e66fd7da1aa52a2e23230,1205,,,,{}
apache/shardingsphere,cc928a9595b0ee3a7e684aa8c5c818a3021c5bf8,1205,,,,{}
apache/shardingsphere,6f1537cd699a5e55f7eddbf006bfc984328a7c0d,1205,,,,{}
apache/shardingsphere,79272e96852982b59abc9a4d81a6c4fabd339729,1205,,,,{}
apache/shardingsphere,8ac8669495583eb1454cf30d59d6ea2ddd5dcada,1205,,,,{}
apache/shardingsphere,633438e63f874096335d5ecdeadc1c4879a3d809,1205,,,,{}
apache/shardingsphere,77e9746409238eac40cc7f31249beccf14de5971,1205,,,,{}
apache/shardingsphere,777a3fb20aa139a533146fd5531e2ae93fe6899e,1205,,,,{}
apache/shardingsphere,0acdd0951fe58c9b3669956c2ebb7bd64639b21e,1205,,,,{}
apache/shardingsphere,0c189719bd5bfad711540993dcf39119c9f2e002,1205,,,,{}
apache/shardingsphere,07f08aa7de9644c4b2fe81846cb5012fe4d6124b,1205,,,,{}
apache/shardingsphere,3c4d7a5ed63bf9931befe0a583a0a333e9c566de,1205,,,,{}
apache/shardingsphere,88d6a4af1cfd58502d503c92b5effec79c531f83,1205,,,,{}
apache/shardingsphere,cacb61fecdb4a2beecb61f4a7ff18766e0d82770,1205,,,,{}
apache/shardingsphere,8d07259e7e4e3486b73d8b4780cd682814c56d1c,1205,,,,{}
apache/shardingsphere,d5f939340165869bf98ab1b795fd8083981ebbac,1205,,,,{}
apache/shardingsphere,bd4257814c9984e5ca90c5d62dbe6a3288bcdab3,1205,,,,{}
apache/shardingsphere,547c2e16a5b8cce4412638eaa2d56bdc4ab70c15,1205,,,,{}
apache/shardingsphere,d7c93b2986ff813ec22c51b7531e614c4e10ea6e,1205,,,,{}
apache/shardingsphere,f655ee9ee42b561307183c9d732397bde2a78475,1205,,,,{}
apache/shardingsphere,a608e7760f52a27258882c0f179e6bcbbc514f11,1205,,,,{}
apache/shardingsphere,887db352d831c25edc22ab4dac2c2d1e8f417d53,1205,,,,{}
apache/shardingsphere,73c0bb01d3c7366f68a4691593a9c4e65c7d6941,1205,,,,{}
apache/shardingsphere,564b8ce2cedb49d9aaf4ece8c2bd860bb64e5240,1205,,,,{}
apache/shardingsphere,d9ab1396f5f03da63244335cff9a66f4d06361de,1205,,,,{}
apache/shardingsphere,30b9db67399118c3af12328c296c05e4b8f66239,1205,,,,{}
apache/shardingsphere,e51b79d663c29833f0b161a4b14c1ac0f515852c,1205,,,,{}
apache/shardingsphere,ff015c619fd4d02431770fe1c67e83cdfef2afc6,1205,,,,{}
apache/shardingsphere,e458a2afdc7eb344640c202158a98fe5b116faf2,1205,,,,{}
apache/shardingsphere,b11509248c9c0e6e21c001789e4346ad5656e52e,1205,,,,{}
apache/shardingsphere,a4c6ecd2d2fa3d6d98fe77e6d3ab7e4f5d5ece95,1205,,,,{}
apache/shardingsphere,1c1c3049ad98c479ce8ce0bb3a5722ce3c7b04d1,1205,,,,{}
apache/shardingsphere,4f8fcc54a2c5a90e6b4a88733a520a542749d49e,1205,,,,{}
apache/shardingsphere,e39d0e48ed30617c26f3986dc8de1da6cc81fddc,1205,,,,{}
apache/shardingsphere,c3b256500d241680bab53fb753a07dcab29cfc6f,1205,,,,{}
apache/shardingsphere,7363c96efb3c96e4f906fa01b4ae40ff60abe065,1205,,,,{}
apache/shardingsphere,6932613f14c46022e2eb7d829edcc37079c02288,1205,,,,{}
apache/shardingsphere,05d1f45a8c0a10f2706e2eb8296894cf6243e393,1205,,,,{}
apache/shardingsphere,e92f0606e7bb3e47b27a3bb7accfe5f42351c8df,1205,,,,{}
apache/shardingsphere,ab8a4a51662bbfad1ad879041debc846b5453d32,1205,,,,{}
apache/shardingsphere,93f8b588ef2611e0028a54f53348b8a0623d822e,1205,,,,{}
apache/shardingsphere,9df2e191ccaf1762b4936fccd834c050ac880878,1205,,,,{}
apache/shardingsphere,45e8e5d307a8220241c6661c57b204ede05920b3,1205,,,,{}
apache/shardingsphere,9f88719ac48a1d0ff02920dc25c50881c97b23d5,1205,,,,{}
apache/shardingsphere,c9a36e3acf3c82d301dc8ce77f2e2c7a7019ce00,1205,,,,{}
apache/shardingsphere,071682ec3d6a76113a67e4ee900bc7f43905593c,1205,,,,{}
apache/shardingsphere,0b3322e700ae470023a20af055002c238192dd26,1205,,,,{}
apache/shardingsphere,71a174e50bcca7d2719e37808532aed008c9a0dd,1205,,,,{}
apache/shardingsphere,3e258accb62c3f746603039ad445326c41bf66ed,1205,,,,{}
apache/shardingsphere,a2d8217a2a2fc32c886baec81e59d1075d2bc8c8,1205,,,,{}
apache/shardingsphere,b94a8ee71333bf9b9b45768f926ac15062a127bc,1205,,,,{}
apache/shardingsphere,0593fe05dca1867d46c98e4769cd5d18b28d8c23,1205,,,,{}
apache/shardingsphere,44cbca7b08339802b80944ca060bf47bcd646ccb,1205,,,,{}
apache/shardingsphere,6ef1a0ffa2dd36e575a6b518c62daf35168e802e,1205,,,,{}
apache/shardingsphere,37c264ded004797bea9c1a1547bb0b42ab5dae9d,1205,,,,{}
apache/shardingsphere,b042a11f79c71e91f9cc85bb2ae8469f847f3b8e,1208,,,,{}
apache/shardingsphere,13852999df589a86ab74a38ec0792c02ed138e2e,1208,,,,{}
apache/shardingsphere,f6ff19b1b010323bb82447b7a9f6f1add6abc7a3,1208,,,,{}
apache/shardingsphere,e670ca87961478a127c44d8bbd0a99cbc67af5a3,1208,,,,{}
apache/shardingsphere,c4122e1a95a0a26ba652b35e83467718f52c6ade,1127,,,,{}
apache/shardingsphere,bd4e1ff557fe3608f8b239e15560f98d6f23dd75,1127,,,,{}
apache/shardingsphere,1343e5b9646915d74e481933ff3d9e1bdc542250,1127,,,,{}
apache/shardingsphere,cd935c9f4e3b72bda1401437ec07b2368dabba73,1117,,,,{}
apache/shardingsphere,2f8f00208ea9db8a7247dfb9d95decae603abdb7,1117,,,,{}
apache/shardingsphere,228df9d3580c93e92d8fede3f30d6f570cf26622,1117,,,,{}
apache/shardingsphere,ba23a1305adf738a83222c6c3487a9c73ebec45b,1113,,,,{}
apache/shardingsphere,e31e815a4cafe1435b85339465f475d977fd9e43,1113,,,,{}
apache/shardingsphere,638bc3a209bd2b78539cb7001d344d5cdb1fb163,422,,,,{}
apache/shardingsphere,79b2263813974f69df115280817e9d86d51463db,422,,,,{}
apache/shardingsphere,aed7c462a3eeb9de2f1275d96544eafc69694ecc,422,,,,{}
apache/shardingsphere,d68a4414908396cd9855b451eb1fd009913e7b28,422,,,,{}
apache/shardingsphere,86fd450ee8bb2a8dea3caf2e3b6277ecefe08503,422,,,,{}
apache/shardingsphere,c9728c8411a6ebd0191842be843d7216389507c6,422,,,,{}
apache/shardingsphere,78c3aa7c6f54785862551452d070d371964cf9ea,422,,,,{}
apache/shardingsphere,74adaf56b53ee44558a54a6167a49df379979a67,422,,,,{}
apache/shardingsphere,15d023f2a4c44acf5c113c2a6f74df6d0f9871df,422,,,,{}
apache/shardingsphere,df5eb433426874677c8ceb1688507cbf49407473,422,,,,{}
apache/shardingsphere,1b51a16006bc7d6ec38137b58386f435750cbf81,422,,,,{}
apache/shardingsphere,648e986eade1b1b5f125fd7c839b3dfeb2e73b56,422,,,,{}
apache/shardingsphere,1cbded2e45a96fc7f1fbc534e48f1d1348116252,422,,,,{}
apache/shardingsphere,fd849b5038f017340a5498c4d18ee530bd959c22,422,,,,{}
apache/shardingsphere,cb0247207872fe0a0fcb5bdba9f16b2a44d27ec3,422,,,,{}
apache/shardingsphere,43b5a2d742573a4876039a4e68e727400f688e79,422,,,,{}
apache/shardingsphere,a7e104458fe73e77ea9e17fbb58dd6c30da555aa,422,,,,{}
apache/shardingsphere,fd1300c8f41c2914382fb52f2c69bf59d9ce4330,422,,,,{}
apache/shardingsphere,e687843fd12f176d43cc6a7522b8ab23922bc26c,422,,,,{}
apache/shardingsphere,3daeb2bf778debd261ffcfcb20f42597acbbb5cc,422,,,,{}
apache/shardingsphere,3e3359ecf985277e8a6ebad906ce49c2da7367e4,422,,,,{}
apache/shardingsphere,008f5f08ee359a81b90cb05ac7ed8fef258b6a0b,422,,,,{}
apache/shardingsphere,ecbfa6f68bc8a7d0903bca52d5f1bdd5f96ff440,422,,,,{}
apache/shardingsphere,3ea817aea89217e6a19ca4107b1c9f1e91858957,422,,,,{}
apache/shardingsphere,8c475fc1a9d10ed258278048590995c72ce92f4a,422,,,,{}
apache/shardingsphere,7f74a9e4a662d9cd2e1dc096de15e4c71d5fd3ac,422,,,,{}
apache/shardingsphere,9ea1afba01947b3e2fffd4200b4ee92a3c8a5ecc,422,,,,{}
apache/shardingsphere,a84ce0b27a9147bd517ebe6152a9ef8297a4645c,422,,,,{}
apache/shardingsphere,ca59be50ea5c4010d6285bdc857b7c4e0c02d8bb,422,,,,{}
apache/shardingsphere,2b9edced94a96f2c934b754de03bdc296d87e3c3,422,,,,{}
apache/shardingsphere,354535d070f3ea4d8978218ea8e3b519fd5b341d,422,,,,{}
apache/shardingsphere,46a92f3be0add0faa8e5a043c3a6d7c8dfaa78c7,422,,,,{}
apache/shardingsphere,cc57f6c64f799cec7b29c6ab2ce4b505ded7d78c,422,,,,{}
apache/shardingsphere,0de63304add597540968ee0c81543f53aaa87898,422,,,,{}
apache/shardingsphere,c68e81542949f9215b1d040bcc68ce848df5cdcc,422,,,,{}
apache/shardingsphere,28314e87fba9667f3d364d6ee77c2c64c9e488aa,422,,,,{}
apache/shardingsphere,210b6d75fec21cb2a8dbe118a9fdbdef3d86426f,422,,,,{}
apache/shardingsphere,f87cd914437686aeb09b3cff2a26e8f8cef18731,422,,,,{}
apache/shardingsphere,d1b93fb050be404612e3633356d17645e337b4bb,422,,,,{}
apache/shardingsphere,40465bcc40c0d344a579bed7e175029b539d5ee1,422,,,,{}
apache/shardingsphere,a6b6a7bb1585380b0b3d4cac22e0cc76e4bd28d5,422,,,,{}
apache/shardingsphere,661c32f34baecdea119e31fd927adeafb8358942,1088,,,,{}
apache/shardingsphere,04f347b271f14205c1599f0e7a535886a0f34ab7,1088,,,,{}
apache/shardingsphere,89cbf1dc5e8baacdd6ffdf0f10f58035aba4c14f,1088,,,,{}
apache/shardingsphere,b499be238190919bcce554f1dcd2804b973a0e7a,1088,,,,{}
apache/shardingsphere,9eca1912f3d316567297272b81daceeee4ef9089,1088,,,,{}
apache/shardingsphere,b82538e47e6ce653825a17c153dd8cd4320cef6a,1088,,,,{}
apache/shardingsphere,dbb37740d95cd274956b4dace74e77bbaa6c96a6,904,,,,{}
apache/shardingsphere,f93c827e1b2b135e7106d180856822193506c863,904,,,,{}
apache/shardingsphere,2e3f4a9ba79910eb2850382ace3ec07195ef0696,904,,,,{}
apache/shardingsphere,23ce4775b854e854dad1ee877cce01361297e4ab,904,,,,{}
apache/shardingsphere,c2656eac27d0e21fe18eb1138805e89b5c8cefbe,904,,,,{}
apache/shardingsphere,3f6a1c24766f70737f865c0a4ac748f1086693df,904,,,,{}
apache/shardingsphere,f68d1bf3ce249a4a0e7d700f3362a1267b57d897,904,,,,{}
apache/shardingsphere,39cf8f8cd9c4a2404380e534735001849a97ddeb,904,,,,{}
apache/shardingsphere,b33eea928afb88bf5afc2a6e38986bced773c64f,879,,,,{}
apache/shardingsphere,767315ae68e5b36550cfb6db23ceef1479ae8548,879,,,,{}
apache/shardingsphere,81ddec14250e1932b66c981a79cc220a4be42a8d,879,,,,{}
apache/shardingsphere,a192f1a1a6d380c54013295edfdf080ece90b464,866,,,,{}
apache/shardingsphere,101c6be9f579255dd01fbfd8019c57a1d5998a68,731,,,,{}
apache/shardingsphere,92aa42b3dae45821e6143e902daf53b4ea06db11,731,,,,{}
apache/shardingsphere,66c638f5f2e3e978280f90036791e99b81929f4d,731,,,,{}
apache/shardingsphere,00c0be3176e00fe0a6443f7ee72a90642777bb1e,731,,,,{}
apache/shardingsphere,43db382661905da930b7ba80809c7cbef38ffac5,731,,,,{}
apache/shardingsphere,1a9ae720e6228262ee4177631a07d2294c1ac108,731,,,,{}
apache/shardingsphere,6a0646280be91f0643d75851f8077baa7277cc38,731,,,,{}
apache/shardingsphere,81ac9053207f5d55eafa29015390842a3409a004,731,,,,{}
apache/shardingsphere,c25b45d27199475157eefa08a8a0ffedf7ec85cc,731,,,,{}
apache/shardingsphere,cd8bed2f9673014cfb996b210d73ef76e25af343,731,,,,{}
apache/shardingsphere,965c611bf7b2212f2b04613b08c11bf724519480,731,,,,{}
apache/shardingsphere,b59bf4550e6483e7e0141acffaa65807092f5bb0,701,,,,{}
apache/shardingsphere,0e6c9602398fb278903fc2921042dbbdde41a2ee,701,,,,{}
mybatis/mybatis-3,cf23454dd38b0033e387c22435403eeffc807e33,2426,,,,{}
mybatis/mybatis-3,ddd931bd095923ccdb199dedd1fd82065bf5d6a7,2426,,,,{}
mybatis/mybatis-3,8690d60cad1f397102859104fee1f6e6056a0593,2297,,,,{}
mybatis/mybatis-3,7a318a9b79b5f233582ee677833bf64c85a52daf,1929,,,,{}
mybatis/mybatis-3,beee143f72b0c396591aa0c59739a1e64fd41867,1929,,,,{}
mybatis/mybatis-3,92cef489facdce48bcbc17e34ec8083a854e9e14,1786,,,,{}
prestodb/presto,da6c63ce75c0ad47e22d64ca915e1378e497aba5,11711,,,,{}
prestodb/presto,dff6607c38798180275f01085770191bfac2bc98,11745,,,,{}
prestodb/presto,84ef3b1fcf1e06a48b3484492988c71e55181867,8171,,,,{}
prestodb/presto,64cf450b3661c6ef8e6e2570f20e9d4a866a30a7,8171,,,,{}
prestodb/presto,75393474fa589a1d6aa54c1b3b8b26efe1694b4a,10700,,,,{}
prestodb/presto,22e142dc98b4b1d160b895965acacff14013db39,5298,,,,{}
prestodb/presto,535d0664c3852ac166b3ef585c686f344410e7cd,5298,,,,{}
prestodb/presto,2b3dc4c76808017a26746f556e89099552bfc327,5298,,,,{}
prestodb/presto,bdf7fe828039a978aef97114a87b6ec689588055,10282,,,,{}
prestodb/presto,67680d85fe6b79a7af20fc8749f26f7dc05d2df5,7358,,,,{}
prestodb/presto,944ec907695d22b476672726cb096a94d70a2020,7358,,,,{}
prestodb/presto,e407c68a9ff7e2e46a713681311a6dcdc829e083,8827,,,,{}
prestodb/presto,8cb85cac082b79e1dc65e45b62d6fc53698f4b0e,8827,,,,{}
prestodb/presto,3d3bcd0df9237f7303fee4905f26b0f6f848a82e,8109,,,,{}
prestodb/presto,47716762abc03e826f63f6805d2d114a1c239776,5897,,,,{}
prestodb/presto,55008c8893084a68fa0bd7fecca9f08c744b755e,5897,,,,{}
prestodb/presto,066ca44bec0b7d4ce4e8a975e4f8063818a8989c,5897,,,,{}
prestodb/presto,13244b6b36ef016f32450eec1864b4a2907321ef,5897,,,,{}
prestodb/presto,abcc2140e55c3f909cb4cbeaab32c6014a3a2677,5897,,,,{}
prestodb/presto,e14523f59bf4ba4f510d47d535137cccc1a1c76b,5897,,,,{}
prestodb/presto,3d8296a7c4b8813cd534fb755449eb6983e1b00d,5897,,,,{}
prestodb/presto,c44528b821f0485494812b6d3abf1221f8533121,5897,,,,{}
prestodb/presto,f730422524cefe1621ff8ea6da43806691fd4a18,5897,,,,{}
prestodb/presto,978d20c0a7f61574b369141f517ffdf526d36a43,5897,,,,{}
prestodb/presto,e7ed1e1e9de0c59dc8e5d0e3712b4320d65db6cc,5897,,,,{}
prestodb/presto,ac6ae4d6cfb136dd44e4a3372447e51ecf757a28,5897,,,,{}
prestodb/presto,ff30473bafc0933534717cac57977fe0c9c041cd,5897,,,,{}
prestodb/presto,12926a5a30b2f150b442766b5d2ae4a2695f08b4,5897,,,,{}
prestodb/presto,f5058c5c81c4c2d0ff0dcea3d1678e56f4b44763,8286,,,,{}
prestodb/presto,0c172823d9830a091e36148aa081574fb583d720,8550,,,,{}
prestodb/presto,d9114848414ec5a26e94b4e9f0898d791651de70,6988,,,,{}
prestodb/presto,8b43399e1d380b97a6c07761f4957dc18979ef72,7753,,,,{}
prestodb/presto,46cedd4fe461c2666cc3c8426ca2965b342b34a1,7323,,,,{}
prestodb/presto,011cfb497b0e2bf293c719a2b80cab09f9fe183c,5828,,,,{}
prestodb/presto,fc652b9ba378f09bc3ed1a12ee54e3004613cb3e,6780,,,,{}
prestodb/presto,24667cfaccbcb6d24597d02651c9b58cbc5ec643,7017,,,,{}
prestodb/presto,431bd655580e459634c3c710ed39b4f0c161f36d,6497,,,,{}
prestodb/presto,a2ece80c387785463776ba471483489bf981f551,6443,,,,{}
prestodb/presto,9154b7244f0e225f092c432212634deea0bec244,6443,,,,{}
prestodb/presto,136facf5cf97e36080110e10b2face7cadedfe76,6129,,,,{}
prestodb/presto,fe6c57de54b96c25ef8554feb85caba6a254362b,6121,,,,{}
prestodb/presto,8528733d72ba864bca2abcd02f2f1c5672d29e87,6121,,,,{}
prestodb/presto,459f8d446f79745f87d41ebdda6f4f945295db7c,4019,,,,{}
prestodb/presto,81eb77b7eb9f2eca45d6d099add5a120630d852d,4019,,,,{}
prestodb/presto,7bdf3ff5faf3e0dce34b82271050a718cd9e157d,3646,,,,{}
prestodb/presto,1763d07972b657d07b9910cd860fd960287f4c1c,3600,,,,{}
prestodb/presto,155e97c4ad28cba755e68c24f5d320ed6fc8abb9,2975,,,,{}
prestodb/presto,acfe352844e9937e9b90e636032330614e349c20,1734,,,,{}
quarkusio/quarkus,846b21c43c654e6c30b61f5c4e59a6934aebb78d,50073,,,,{}
quarkusio/quarkus,835d01222e02dbd28e7a549ebd9d54ab692e2f44,50889,,,,{}
quarkusio/quarkus,b0503d2f057cab8b12d57f40d71e200bc968cb3c,50889,,,,{}
quarkusio/quarkus,6a9a9231f5d512b3e580e44e169753150300278f,50073,,,,{}
quarkusio/quarkus,665a487ecad00e79940c88f17ac53714fd26cc29,32021,,,,{}
quarkusio/quarkus,cec841ab8559b0e73c36bbadc118acefac73baf7,50206,,,,{}
quarkusio/quarkus,e44df553560331a3f6e0053654fe736c2c0ef99c,50010,,,,{}
quarkusio/quarkus,dab739922229c2cacef1f77a1c7da71383cd54d5,50010,,,,{}
quarkusio/quarkus,ca6ab1cade07f364fe9676a4c11591743c6d7723,49574,,,,{}
quarkusio/quarkus,4ca95b5320cd2b1dab53ae6444e9245d23b327ba,49789,,,,{}
quarkusio/quarkus,64438dfddf76b74311529a6a40af7046bffd574c,49789,,,,{}
quarkusio/quarkus,5e492b7073222aac3cf5ef5efa7f258984108943,49118,,,,{}
quarkusio/quarkus,2533903739c9df885980b3d151587c02dfaf25b6,49118,,,,{}
quarkusio/quarkus,a6fefd7687c4515891d560e5255ce981d714ed4b,47571,,,,{}
quarkusio/quarkus,e5caa13143bafe554f95e84bd3f9cb3180847dbe,47571,,,,{}
quarkusio/quarkus,0f5364111e384eb32ccce7cd111cb0558d4bc93e,47384,,,,{}
quarkusio/quarkus,537c43ce2775b8b9cbdfd0c74d90e1b0e6ce1cc2,47384,,,,{}
quarkusio/quarkus,974851eb4a5003745e642882804516f03b297d58,46949,,,,{}
quarkusio/quarkus,ec22a127fd9c5219ebe65f3c13c2191293570a01,44383,,,,{}
quarkusio/quarkus,d3a8d95b2ca014a99806bd286eab1d8320cce0ac,46148,,,,{}
quarkusio/quarkus,bf12ff2c0ca7f3d7b96e116c0f030026662175b8,46148,,,,{}
quarkusio/quarkus,ee18cb3c8b4011af29b851355070c3218e1b75f0,46206,,,,{}
quarkusio/quarkus,ed9157e1322425c3ee61f9d6a0161cdfd9a31164,31340,,,,{}
quarkusio/quarkus,b870c90569a4c88467313587565205818034f4df,45509,,,,{}
quarkusio/quarkus,4feaf0f5eaa43963998a79b988396d29a89a69a1,45509,,,,{}
quarkusio/quarkus,9967650b5a6ec8814d9cfdc5f366ec2a2c94de22,44471,,,,{}
quarkusio/quarkus,e12a3776707f1c33dbecfd262b26d6b0f411a9a8,43342,,,,"{""original_outperforms_patched"": [], ""patched_outperforms_original"": []}"
quarkusio/quarkus,d81515283e8b72276011caf29ff3f9360626efe7,41452,,,,{}
quarkusio/quarkus,24d15c2c670f5a8ed8b9e99999cff757cd1ff3e7,41452,,,,{}
quarkusio/quarkus,e029b23c2def1e9a578124a88ee579fd4500f2ac,35439,,,,{}
quarkusio/quarkus,a0b8b0d2fde7f513c188926af17aa129efe34586,41868,,,,{}
quarkusio/quarkus,a5ffb89baaf4b828b3828fbcd1110e7896acb804,41404,,,,{}
quarkusio/quarkus,6c03c729cdb091addfa7280c1f7bbac68f0e969d,41115,,,,{}
quarkusio/quarkus,096a23e0001bb2bfb8b0b6e462401ce7d0bd9eac,40506,,,,{}
quarkusio/quarkus,2bd38aacc1668feb5178248fff4bc91c1371b418,39061,,,,"{""original_outperforms_patched"": [], ""patched_outperforms_original"": []}"
quarkusio/quarkus,a2b76785a9a48108ff781785adfc5ee86eae0c39,39061,,,,{}
quarkusio/quarkus,c7dc4710a67f3b9dcb893badf19d496c58fe382a,38683,,,,{}
quarkusio/quarkus,f2236e3dc222d6e4efc633eb458e2df778448b46,38020,,,,{}
quarkusio/quarkus,ea117869ec5eebef3b197658f6255964f70185fa,37656,,,,{}
quarkusio/quarkus,9d9cb794218b61b1213dae3c43176c0cb6d99250,37637,,,,{}
quarkusio/quarkus,ffe454faef66439afea1e56e1f692eb28d2cf21a,37656,,,,{}
quarkusio/quarkus,d25df944e8f55fb4a216e72e2cbc0b7693471bb0,37637,,,,{}
quarkusio/quarkus,5afc0ec8a525e3f632aebd9ff4401d87b1f5b983,36067,,,,{}
quarkusio/quarkus,6f5648c1e71887e06cc5bc21dcf869e27562a6b9,36067,,,,{}
quarkusio/quarkus,ffc8a2a15c8701946d389b8abe0ff663b30e43b5,36067,,,,{}
quarkusio/quarkus,ce6d9dd2ebf594c81775ddb94ac87a291fb04bca,35099,,,,{}
quarkusio/quarkus,2c21a99aaf8fa61bbd7332f980e222ea1928fa32,35099,,,,{}
quarkusio/quarkus,15a19d214575662eb84b442a73f4289a160521a5,36419,,,,{}
quarkusio/quarkus,bd37cf37ee9a1312a2f444a8a4cc6c74fbd652af,36419,,,,{}
quarkusio/quarkus,fcc117dd1841acfa3c9eaf5e2f6737ffef6bd395,31355,,,,{}
quarkusio/quarkus,581c869c2b9bcc02a5f63e4e1f2d8970cdfea34b,31355,,,,{}
quarkusio/quarkus,3d5cff7f97e20a62f8e0097cbf441bd1ed057b71,30384,,,,{}
quarkusio/quarkus,b8d7ce050afd3ae3143f31693acedc9f8f34334a,29196,,,,{}
quarkusio/quarkus,d1dfafad0a61eab500b585e5486f96c3a6f866f4,29196,,,,{}
quarkusio/quarkus,317bfa31dceee472fea35c55cc70c3b63a340fb2,28267,,,,{}
quarkusio/quarkus,7a0c45e2f6e8f6762931edcf7d54e6630d3694e3,28267,,,,{}
quarkusio/quarkus,73ee07970728297003740d5ac896e304bc51f688,28116,,,,{}
quarkusio/quarkus,eb5083b8745a850b6eb73be8a05480e10c70e1e1,28116,,,,{}
quarkusio/quarkus,4543367d491c118ab9dd57e9470c24e154a7902f,27752,,,,{}
quarkusio/quarkus,90ae8fb00b7895319a12fbd97453f8b5fbb82efa,27743,,,,{}
quarkusio/quarkus,854e87a33606165ddff08f186eb62f95bdf07ebb,27743,,,,"{""original_outperforms_patched"": [], ""patched_outperforms_original"": []}"
quarkusio/quarkus,9f8bd88bcacfff664fb940a923adcc0ad5565434,27589,,,,{}
quarkusio/quarkus,0ea21e147670abd5de1a9c6f228a199bc28b7320,27596,maven_execution_successful,0.003672728690161,1.0,"{""original_outperforms_patched"": [], ""patched_outperforms_original"": []}"
quarkusio/quarkus,5bfddf322fdce4d59b5d950e74bc3b81694c9e86,27281,,,,{}
quarkusio/quarkus,35f5a09b0fe6c25cc89266685e851e872d430a67,27281,clone_and_checkout_repo,,,{}
